FIPS,Name,Avg Temp % Change,Ppl in Povert % Change,,,,
01003,"Baldwin County, Alabama",-0.5,-1.92,0.000446759,,1.266209262,-0.175574614
'01007,"Bibb County, Alabama",-0.47,-1.15,,,2.350532436,2.441620427
'01009,"Blount County, Alabama",-0.36,0.33,,,,
'01015,"Calhoun County, Alabama",-0.28,-3.24,,,,
'01021,"Chilton County, Alabama",-0.6,1.39,,,,
'01033,"Colbert County, Alabama",-0.35,2.58,,,0.000446759,
'01051,"Elmore County, Alabama",0.45,4.66,,,,
'01055,"Etowah County, Alabama",1.19,-2.19,,,,
'01061,"Geneva County, Alabama",4.18,-0.31,,,,
'01065,"Hale County, Alabama",6.09,-2.9,,,,
'01067,"Henry County, Alabama",5,3.49,,,,
'01069,"Houston County, Alabama",5.07,-1.15,,,,
'01073,"Jefferson County, Alabama",3.3,3.79,,,,
'01077,"Lauderdale County, Alabama",4.27,-3.71,,,,
'01079,"Lawrence County, Alabama",4.58,2.94,,,,
'01081,"Lee County, Alabama",-0.84,-1.71,,,,
'01083,"Limestone County, Alabama",-1.67,-1.38,,,,
'01085,"Lowndes County, Alabama",-1.04,-3.56,,,,
'01089,"Madison County, Alabama",-1.05,-0.7,,,,
'01097,"Mobile County, Alabama",-1.75,-2.46,,,,
'01101,"Montgomery County, Alabama",-0.73,1.29,,,,
'01103,"Morgan County, Alabama",-0.86,-3.75,,,,
'01107,"Pickens County, Alabama",-1.37,-0.3,,,,
'01113,"Russell County, Alabama",-1.05,-0.79,,,,
'01115,"St. Clair County, Alabama",5.56,-0.87,,,,
'01117,"Shelby County, Alabama",5.66,-1.73,,,,
'01125,"Tuscaloosa County, Alabama",6.67,1.29,,,,
'01127,"Walker County, Alabama",4.5,0.6,,,,
'02020,"Anchorage Municipality, Alaska",4.24,1.66,,,,
'02090,"Fairbanks North Star Borough, Alaska",3.48,-2.92,,,,
'02170,"Matanuska-Susitna Borough, Alaska",3.5,0.47,,,,
'04003,"Cochise County, Arizona",3.8,2.77,,,,
'04005,"Coconino County, Arizona",3.52,0.39,,,,
'04013,"Maricopa County, Arizona",3.45,-1.14,,,,
'04015,"Mohave County, Arizona",3.13,-4.18,,,,
'04019,"Pima County, Arizona",5.94,-0.31,,,,
'04021,"Pinal County, Arizona",1.24,1.23,,,,
'04025,"Yavapai County, Arizona",1.48,-2.95,,,,
'04027,"Yuma County, Arizona",1.44,1.35,,,,
'05007,"Benton County, Arkansas",0.88,-2.83,,,,
'05025,"Cleveland County, Arkansas",1.55,0.41,,,,
'05031,"Craighead County, Arkansas",1.03,0.62,,,,
'05033,"Crawford County, Arkansas",1.07,2.64,,,,
'05035,"Crittenden County, Arkansas",1.4,-1.49,,,,
'05045,"Faulkner County, Arkansas",0.77,2.59,,,,
'05051,"Garland County, Arkansas",0.75,-2.35,,,,
'05053,"Grant County, Arkansas",1.15,-1.04,,,,
'05069,"Jefferson County, Arkansas",1.26,-3.54,,,,
'05079,"Lincoln County, Arkansas",0.05,-3.84,,,,
'05081,"Little River County, Arkansas",-0.23,3.08,,,,
'05085,"Lonoke County, Arkansas",-0.13,-2.25,,,,
'05087,"Madison County, Arkansas",0.12,-0.53,,,,
'05091,"Miller County, Arkansas",0.23,-3.67,,,,
'05105,"Perry County, Arkansas",0.35,-0.95,,,,
'05111,"Poinsett County, Arkansas",-0.32,0.29,,,,
'05119,"Pulaski County, Arkansas",-0.56,2.08,,,,
'05125,"Saline County, Arkansas",0.07,0.08,,,,
'05131,"Sebastian County, Arkansas",3.01,1.65,,,,
'05143,"Washington County, Arkansas",0.36,-1.56,,,,
'06001,"Alameda County, California",-0.27,1,,,,
'06007,"Butte County, California",2.37,-0.41,,,,
'06013,"Contra Costa County, California",1.54,3.63,,,,
'06017,"El Dorado County, California",2.95,-0.51,,,,
'06019,"Fresno County, California",3.8,0.94,,,,
'06025,"Imperial County, California",2.5,3.11,,,,
'06029,"Kern County, California",0.21,-1.1,,,,
'06031,"Kings County, California",2.06,-1.01,,,,
'06037,"Los Angeles County, California",0.48,1.28,,,,
'06039,"Madera County, California",0.41,0.94,,,,
'06041,"Marin County, California",-1.21,-2.16,,,,
'06047,"Merced County, California",0.08,-0.83,,,,
'06053,"Monterey County, California",-0.67,-1.78,,,,
'06055,"Napa County, California",-1.45,1.72,,,,
'06059,"Orange County, California",-1.01,4.54,,,,
'06061,"Placer County, California",-0.48,-0.44,,,,
'06065,"Riverside County, California",-0.1,-0.76,,,,
'06067,"Sacramento County, California",0.21,-3.24,,,,
'06069,"San Benito County, California",0.44,1.43,,,,
'06071,"San Bernardino County, California",0.21,3.1,,,,
'06073,"San Diego County, California",-0.52,2.05,,,,
'06075,"San Francisco County, California",0.02,-1.94,,,,
'06077,"San Joaquin County, California",0.35,-0.62,,,,
'06079,"San Luis Obispo County, California",0.01,2.29,,,,
'06081,"San Mateo County, California",-0.39,0.92,,,,
'06083,"Santa Barbara County, California",0.18,-2.28,,,,
'06085,"Santa Clara County, California",-0.24,-0.35,,,,
'06087,"Santa Cruz County, California",-0.74,-0.05,,,,
'06089,"Shasta County, California",-0.77,-1.05,,,,
'06095,"Solano County, California",0.12,-3.03,,,,
'06097,"Sonoma County, California",-0.52,-3.25,,,,
'06099,"Stanislaus County, California",-0.75,1.95,,,,
'06101,"Sutter County, California",-0.08,-2.51,,,,
'06107,"Tulare County, California",-1,0.27,,,,
'06111,"Ventura County, California",-1.83,-2.65,,,,
'06113,"Yolo County, California",1.49,-3.84,,,,
'06115,"Yuba County, California",0.17,1.08,,,,
'08001,"Adams County, Colorado",-0.58,1.73,,,,
'08005,"Arapahoe County, Colorado",1.38,-2.29,,,,
'08013,"Boulder County, Colorado",-0.42,0.82,,,,
'08014,"Broomfield County, Colorado",-0.56,0.46,,,,
'08019,"Clear Creek County, Colorado",1.78,-0.06,,,,
'08031,"Denver County, Colorado",-0.83,-2.01,,,,
'08035,"Douglas County, Colorado",-0.75,2.13,,,,
'08039,"Elbert County, Colorado",-0.65,4.11,,,,
'08041,"El Paso County, Colorado",-0.27,-1.65,,,,
'08047,"Gilpin County, Colorado",0.01,-1.47,,,,
'08059,"Jefferson County, Colorado",-0.32,-1.02,,,,
'08069,"Larimer County, Colorado",0.43,0.1,,,,
'08077,"Mesa County, Colorado",-0.29,0.32,,,,
'08093,"Park County, Colorado",-0.75,-0.53,,,,
'08101,"Pueblo County, Colorado",0.81,-1.97,,,,
'08119,"Teller County, Colorado",-0.33,0.43,,,,
'08123,"Weld County, Colorado",1.44,-1.06,,,,
'09001,"Fairfield County, Connecticut",0.62,0.95,,,,
'09003,"Hartford County, Connecticut",1.04,4.44,,,,
'09007,"Middlesex County, Connecticut",1.4,0.44,,,,
'09009,"New Haven County, Connecticut",2.93,1.55,,,,
'09011,"New London County, Connecticut",2.42,3.59,,,,
'09013,"Tolland County, Connecticut",2.13,0.09,,,,
'09015,"Windham County, Connecticut",1.61,-3.05,,,,
10001,"Kent County, Delaware",1.3,-0.08,,,,
10003,"New Castle County, Delaware",0.94,4.34,,,,
10005,"Sussex County, Delaware",0.79,-0.02,,,,
11001,"District of Columbia, District of Columbia",0.64,0.43,,,,
12001,"Alachua County, Florida",1.01,-0.8,,,,
12003,"Baker County, Florida",0.65,-1.32,,,,
12005,"Bay County, Florida",1.51,1.57,,,,
12009,"Brevard County, Florida",1.76,-2.27,,,,
12011,"Broward County, Florida",2.81,-1.31,,,,
12015,"Charlotte County, Florida",2.48,-0.36,,,,
12017,"Citrus County, Florida",0.81,-0.95,,,,
12019,"Clay County, Florida",1.65,-0.43,,,,
12021,"Collier County, Florida",2.49,3.34,,,,
12031,"Duval County, Florida",2.29,0.94,,,,
12033,"Escambia County, Florida",1.67,-0.85,,,,
12035,"Flagler County, Florida",2.8,3.05,,,,
12039,"Gadsden County, Florida",3.44,0.46,,,,
12041,"Gilchrist County, Florida",1.25,0.95,,,,
12045,"Gulf County, Florida",1.14,1.8,,,,
12053,"Hernando County, Florida",2.56,-3.85,,,,
12055,"Highlands County, Florida",-1.51,-1.26,,,,
12057,"Hillsborough County, Florida",0.42,3.23,,,,
12061,"Indian River County, Florida",0.5,1.61,,,,
12065,"Jefferson County, Florida",0.09,-1.12,,,,
12069,"Lake County, Florida",0.15,-0.12,,,,
12071,"Lee County, Florida",0.6,0.06,,,,
12073,"Leon County, Florida",-0.35,-4.97,,,,
12081,"Manatee County, Florida",-0.75,3.98,,,,
12083,"Marion County, Florida",-0.67,0.67,,,,
12085,"Martin County, Florida",-0.27,1.38,,,,
12086,"Miami-Dade County, Florida",-0.41,-1.87,,,,
12089,"Nassau County, Florida",-0.05,-1.95,,,,
12091,"Okaloosa County, Florida",0.77,2.02,,,,
12095,"Orange County, Florida",1.22,-2.23,,,,
12097,"Osceola County, Florida",0.01,-1.81,,,,
12099,"Palm Beach County, Florida",0.98,3.38,,,,
12101,"Pasco County, Florida",1.14,-4.43,,,,
12103,"Pinellas County, Florida",0.71,-0.77,,,,
12105,"Polk County, Florida",1.27,4.3,,,,
12109,"St. Johns County, Florida",-1.03,-2.96,,,,
12111,"St. Lucie County, Florida",-1.32,-1.54,,,,
12113,"Santa Rosa County, Florida",-0.85,5.71,,,,
12115,"Sarasota County, Florida",-0.77,-1.17,,,,
12117,"Seminole County, Florida",-0.15,-1.22,,,,
12119,"Sumter County, Florida",-0.74,0.91,,,,
12127,"Volusia County, Florida",2.97,-0.57,,,,
12129,"Wakulla County, Florida",3.02,2.02,,,,
12131,"Walton County, Florida",0.21,-1.68,,,,
13007,"Baker County, Georgia",0.94,-0.27,,,,
13013,"Barrow County, Georgia",1.77,2.71,,,,
13015,"Bartow County, Georgia",-0.93,-0.02,,,,
13021,"Bibb County, Georgia",0.78,0.09,,,,
13025,"Brantley County, Georgia",2.33,4.55,,,,
13027,"Brooks County, Georgia",1.35,3.13,,,,
13029,"Bryan County, Georgia",-0.12,-2.83,,,,
13033,"Burke County, Georgia",1.32,1.17,,,,
13035,"Butts County, Georgia",-0.08,4.59,,,,
13045,"Carroll County, Georgia",2.17,0.07,,,,
13047,"Catoosa County, Georgia",1.4,1.87,,,,
13051,"Chatham County, Georgia",-0.58,-2.89,,,,
13053,"Chattahoochee County, Georgia",5.15,2.29,,,,
13057,"Cherokee County, Georgia",4.87,-1.98,,,,
13059,"Clarke County, Georgia",4.74,-3.36,,,,
13063,"Clayton County, Georgia",3.54,0.24,,,,
13067,"Cobb County, Georgia",1.6,3.54,,,,
13073,"Columbia County, Georgia",2.1,3.68,,,,
13077,"Coweta County, Georgia",2.02,-1.5,,,,
13079,"Crawford County, Georgia",1.92,2.95,,,,
13083,"Dade County, Georgia",2.27,1.4,,,,
13085,"Dawson County, Georgia",5.83,-1.17,,,,
13089,"DeKalb County, Georgia",6.01,-2.07,,,,
13095,"Dougherty County, Georgia",4.7,-2.65,,,,
13097,"Douglas County, Georgia",6.55,-3.53,,,,
13101,"Echols County, Georgia",4.78,3.2,,,,
13103,"Effingham County, Georgia",4.95,1.38,,,,
13113,"Fayette County, Georgia",4.32,-0.62,,,,
13115,"Floyd County, Georgia",4.93,0.21,,,,
13117,"Forsyth County, Georgia",1.09,1,,,,
13121,"Fulton County, Georgia",0.25,2.4,,,,
13127,"Glynn County, Georgia",1.11,1.38,,,,
13135,"Gwinnett County, Georgia",1.76,2.28,,,,
13139,"Hall County, Georgia",1.92,3.8,,,,
13143,"Haralson County, Georgia",1.08,4.23,,,,
13145,"Harris County, Georgia",1.59,-0.21,,,,
13149,"Heard County, Georgia",2.76,-2.84,,,,
13151,"Henry County, Georgia",1.41,-2.66,,,,
13153,"Houston County, Georgia",0.48,1.46,,,,
13159,"Jasper County, Georgia",-0.61,-1.6,,,,
13169,"Jones County, Georgia",-0.49,-1.73,,,,
13171,"Lamar County, Georgia",-0.65,-0.36,,,,
13173,"Lanier County, Georgia",-0.94,-0.39,,,,
13177,"Lee County, Georgia",-0.64,-6.32,,,,
13179,"Liberty County, Georgia",-0.38,-2.01,,,,
13181,"Lincoln County, Georgia",-0.25,1.82,,,,
13183,"Long County, Georgia",0.43,1.69,,,,
13185,"Lowndes County, Georgia",-0.96,4.69,,,,
13189,"McDuffie County, Georgia",1.17,3.11,,,,
13191,"McIntosh County, Georgia",0.75,-4.51,,,,
13195,"Madison County, Georgia",-1.05,-3.54,,,,
13197,"Marion County, Georgia",-0.55,1.98,,,,
13199,"Meriwether County, Georgia",-2.17,-5.37,,,,
13207,"Monroe County, Georgia",-0.92,1.08,,,,
13211,"Morgan County, Georgia",-1.11,1.49,,,,
13213,"Murray County, Georgia",-1.81,-2.08,,,,
13215,"Muscogee County, Georgia",1.3,0.05,,,,
13217,"Newton County, Georgia",1.19,-2.32,,,,
13219,"Oconee County, Georgia",1.79,2.39,,,,
13221,"Oglethorpe County, Georgia",0.46,-0.49,,,,
13223,"Paulding County, Georgia",0.25,1.25,,,,
13225,"Peach County, Georgia",1.15,-3.05,,,,
13227,"Pickens County, Georgia",1.23,-3.07,,,,
13231,"Pike County, Georgia",0.15,-0.95,,,,
13235,"Pulaski County, Georgia",-0.17,-3.38,,,,
13245,"Richmond County, Georgia",0.22,1.11,,,,
13247,"Rockdale County, Georgia",1.31,-0.35,,,,
13255,"Spalding County, Georgia",-0.43,2.56,,,,
13273,"Terrell County, Georgia",-0.87,2.2,,,,
13289,"Twiggs County, Georgia",0.75,0.48,,,,
13295,"Walker County, Georgia",-0.22,-3.6,,,,
13297,"Walton County, Georgia",-0.3,-1.98,,,,
13313,"Whitfield County, Georgia",0.93,2.91,,,,
13321,"Worth County, Georgia",-0.38,-1.53,,,,
15003,"Honolulu County, Hawaii",0.67,-0.26,,,,
15009,"Maui + Kalawao County, Hawaii",3.05,1.03,,,,
16001,"Ada County, Idaho",2.31,-1,,,,
16005,"Bannock County, Idaho",3.63,-1.9,,,,
16015,"Boise County, Idaho",2.8,0.62,,,,
16019,"Bonneville County, Idaho",4.79,0.11,,,,
16023,"Butte County, Idaho",2.1,-5.09,,,,
16027,"Canyon County, Idaho",3.54,0.65,,,,
16041,"Franklin County, Idaho",2.38,-3.5,,,,
16045,"Gem County, Idaho",2.23,-3.83,,,,
16051,"Jefferson County, Idaho",1.21,-3.67,,,,
16055,"Kootenai County, Idaho",1.78,2.36,,,,
16069,"Nez Perce County, Idaho",1.91,-2.35,,,,
16073,"Owyhee County, Idaho",0.85,2.03,,,,
17003,"Alexander County, Illinois",0.76,3.01,,,,
17005,"Bond County, Illinois",1.01,-0.58,,,,
17007,"Boone County, Illinois",0.12,1.29,,,,
17013,"Calhoun County, Illinois",0.87,4.59,,,,
17019,"Champaign County, Illinois",0.57,1.11,,,,
17027,"Clinton County, Illinois",0.89,2.38,,,,
17031,"Cook County, Illinois",2.48,-0.85,,,,
17037,"DeKalb County, Illinois",-0.98,0.31,,,,
17039,"De Witt County, Illinois",-0.93,-1.58,,,,
17043,"DuPage County, Illinois",-1.3,2.4,,,,
17053,"Ford County, Illinois",-0.41,3.47,,,,
17063,"Grundy County, Illinois",-0.35,1.56,,,,
17073,"Henry County, Illinois",-0.93,-1.16,,,,
17077,"Jackson County, Illinois",0.09,-0.51,,,,
17083,"Jersey County, Illinois",0,-0.66,,,,
17089,"Kane County, Illinois",-1.36,-1.71,,,,
17091,"Kankakee County, Illinois",-0.88,0.97,,,,
17093,"Kendall County, Illinois",0.91,-0.24,,,,
17097,"Lake County, Illinois",0.63,-2.46,,,,
17111,"McHenry County, Illinois",-0.73,-1.96,,,,
17113,"McLean County, Illinois",-1.02,2.34,,,,
17115,"Macon County, Illinois",0.41,-4.43,,,,
17117,"Macoupin County, Illinois",-0.71,1.09,,,,
17119,"Madison County, Illinois",-0.27,-1.86,,,,
17123,"Marshall County, Illinois",0.13,0.39,,,,
17129,"Menard County, Illinois",-0.06,2.89,,,,
17131,"Mercer County, Illinois",-0.81,0.42,,,,
17133,"Monroe County, Illinois",2.62,3.7,,,,
17143,"Peoria County, Illinois",1.73,-2.79,,,,
17147,"Piatt County, Illinois",0.78,-1.76,,,,
17161,"Rock Island County, Illinois",0.26,2.81,,,,
17163,"St. Clair County, Illinois",3.97,-0.11,,,,
17167,"Sangamon County, Illinois",2.93,-1.5,,,,
17175,"Stark County, Illinois",1.76,0.06,,,,
17179,"Tazewell County, Illinois",2.22,4.12,,,,
17183,"Vermilion County, Illinois",1.33,-1.68,,,,
17197,"Will County, Illinois",1.53,-2.6,,,,
17199,"Williamson County, Illinois",3.59,-3.8,,,,
17201,"Winnebago County, Illinois",3.71,-1.31,,,,
17203,"Woodford County, Illinois",2.92,-0.23,,,,
18003,"Allen County, Indiana",4.65,-0.4,,,,
18005,"Bartholomew County, Indiana",3.73,2.21,,,,
18007,"Benton County, Indiana",2.75,-2.73,,,,
18011,"Boone County, Indiana",2.62,-1.37,,,,
18013,"Brown County, Indiana",1.34,2.19,,,,
18015,"Carroll County, Indiana",1.94,-0.97,,,,
18019,"Clark County, Indiana",2.41,1.94,,,,
18021,"Clay County, Indiana",0.32,-1.67,,,,
18029,"Dearborn County, Indiana",0.08,2.19,,,,
18035,"Delaware County, Indiana",0.27,-0.28,,,,
18039,"Elkhart County, Indiana",1.1,1.13,,,,
18043,"Floyd County, Indiana",-0.52,2.6,,,,
18057,"Hamilton County, Indiana",-0.82,0.39,,,,
18059,"Hancock County, Indiana",1.51,-4.35,,,,
18061,"Harrison County, Indiana",1.86,1.81,,,,
18063,"Hendricks County, Indiana",1.67,1.1,,,,
18067,"Howard County, Indiana",1.71,-0.54,,,,
18073,"Jasper County, Indiana",2.36,2.75,,,,
18081,"Johnson County, Indiana",2.54,2.27,,,,
18089,"Lake County, Indiana",0.73,-1,,,,
18091,"LaPorte County, Indiana",1.14,1.08,,,,
18095,"Madison County, Indiana",1.51,-0.51,,,,
18097,"Marion County, Indiana",1.9,-3.96,,,,
18105,"Monroe County, Indiana",0.05,1.09,,,,
18109,"Morgan County, Indiana",0.68,0.65,,,,
18111,"Newton County, Indiana",-0.04,-2.07,,,,
18115,"Ohio County, Indiana",-0.11,1.39,,,,
18119,"Owen County, Indiana",-1.01,-0.29,,,,
18127,"Porter County, Indiana",0.68,-3.22,,,,
18129,"Posey County, Indiana",0.61,1.19,,,,
18133,"Putnam County, Indiana",0.12,-2.45,,,,
18141,"St. Joseph County, Indiana",1.01,2.7,,,,
18143,"Scott County, Indiana",-0.07,-0.82,,,,
18145,"Shelby County, Indiana",1.08,-0.14,,,,
18153,"Sullivan County, Indiana",2.08,-3.7,,,,
18157,"Tippecanoe County, Indiana",0.04,-0.6,,,,
18161,"Union County, Indiana",0.82,-2.4,,,,
18163,"Vanderburgh County, Indiana",0.66,-4.76,,,,
18165,"Vermillion County, Indiana",3.47,-2.21,,,,
18167,"Vigo County, Indiana",1.97,-2.36,,,,
18173,"Warrick County, Indiana",0.71,-1.75,,,,
18175,"Washington County, Indiana",3.53,3.94,,,,
18179,"Wells County, Indiana",2.63,0.38,,,,
18183,"Whitley County, Indiana",1.27,3.57,,,,
19011,"Benton County, Iowa",1.97,-1.29,,,,
19013,"Black Hawk County, Iowa",3.38,-1.9,,,,
19017,"Bremer County, Iowa",1.35,0.88,,,,
19049,"Dallas County, Iowa",1.96,-3.38,,,,
19061,"Dubuque County, Iowa",25.13,3.94,,,,
19075,"Grundy County, Iowa",14.43,-1.83,,,,
19077,"Guthrie County, Iowa",8.04,-1.54,,,,
19085,"Harrison County, Iowa",11.47,-1.59,,,,
19103,"Johnson County, Iowa",4.01,-1.15,,,,
19105,"Jones County, Iowa",6.08,-0.24,,,,
19113,"Linn County, Iowa",5.45,-3.68,,,,
19121,"Madison County, Iowa",4.59,0.46,,,,
19129,"Mills County, Iowa",2.59,-1.22,,,,
19149,"Plymouth County, Iowa",4.23,-3.95,,,,
19153,"Polk County, Iowa",0.73,-1.34,,,,
19155,"Pottawattamie County, Iowa",-0.51,-1.96,,,,
19163,"Scott County, Iowa",4.12,-0.53,,,,
19169,"Story County, Iowa",-0.5,-4.43,,,,
19181,"Warren County, Iowa",-0.47,2.59,,,,
19183,"Washington County, Iowa",-0.36,-2.03,,,,
19193,"Woodbury County, Iowa",-0.28,0.63,,,,
20015,"Butler County, Kansas",-0.6,-2.54,,,,
20043,"Doniphan County, Kansas",-0.35,2.56,,,,
20045,"Douglas County, Kansas",0.45,-0.61,,,,
20079,"Harvey County, Kansas",1.19,-0.14,,,,
20085,"Jackson County, Kansas",4.18,0.66,,,,
20087,"Jefferson County, Kansas",6.09,-1.35,,,,
20091,"Johnson County, Kansas",5,1.53,,,,
20095,"Kingman County, Kansas",5.07,1.06,,,,
20103,"Leavenworth County, Kansas",3.3,0.61,,,,
20107,"Linn County, Kansas",4.27,3.9,,,,
20121,"Miami County, Kansas",4.58,-4.92,,,,
20139,"Osage County, Kansas",-0.84,-1.18,,,,
20149,"Pottawatomie County, Kansas",-1.67,4.52,,,,
20161,"Riley County, Kansas",-1.04,0.4,,,,
20173,"Sedgwick County, Kansas",-1.05,-0.52,,,,
20177,"Shawnee County, Kansas",-1.75,0.01,,,,
20191,"Sumner County, Kansas",-0.73,3,,,,
20197,"Wabaunsee County, Kansas",-0.86,5.18,,,,
20209,"Wyandotte County, Kansas",-1.37,-2.72,,,,
21003,"Allen County, Kentucky",-1.05,-2.93,,,,
21015,"Boone County, Kentucky",5.56,-3.05,,,,
21017,"Bourbon County, Kentucky",5.66,4.21,,,,
21019,"Boyd County, Kentucky",6.67,-0.88,,,,
21023,"Bracken County, Kentucky",4.5,-0.23,,,,
21029,"Bullitt County, Kentucky",4.24,-1.12,,,,
21031,"Butler County, Kentucky",3.48,-3.21,,,,
21037,"Campbell County, Kentucky",3.5,-2.89,,,,
21047,"Christian County, Kentucky",3.8,0.01,,,,
21049,"Clark County, Kentucky",3.52,2.67,,,,
21059,"Daviess County, Kentucky",3.45,1.34,,,,
21061,"Edmonson County, Kentucky",3.13,-1.6,,,,
21067,"Fayette County, Kentucky",5.94,2.44,,,,
21077,"Gallatin County, Kentucky",1.24,0.96,,,,
21081,"Grant County, Kentucky",1.48,-1.06,,,,
21089,"Greenup County, Kentucky",1.44,-0.96,,,,
21091,"Hancock County, Kentucky",0.88,-2.77,,,,
21093,"Hardin County, Kentucky",1.55,1.64,,,,
21101,"Henderson County, Kentucky",1.03,-0.8,,,,
21103,"Henry County, Kentucky",1.07,0.52,,,,
21111,"Jefferson County, Kentucky",1.4,2.92,,,,
21113,"Jessamine County, Kentucky",0.77,1.65,,,,
21117,"Kenton County, Kentucky",0.75,-2.01,,,,
21123,"Larue County, Kentucky",1.15,-2.36,,,,
21149,"McLean County, Kentucky",1.26,-2.5,,,,
21163,"Meade County, Kentucky",0.05,0.78,,,,
21185,"Oldham County, Kentucky",-0.23,3.54,,,,
21191,"Pendleton County, Kentucky",-0.13,0.56,,,,
21209,"Scott County, Kentucky",0.12,2.16,,,,
21211,"Shelby County, Kentucky",0.23,0.12,,,,
21215,"Spencer County, Kentucky",0.35,0.05,,,,
21221,"Trigg County, Kentucky",-0.32,3.52,,,,
21223,"Trimble County, Kentucky",-0.56,2.09,,,,
21227,"Warren County, Kentucky",0.07,-1.59,,,,
21239,"Woodford County, Kentucky",3.01,-5.26,,,,
22001,"Acadia Parish, Louisiana",0.36,2.64,,,,
22005,"Ascension Parish, Louisiana",-0.27,5.45,,,,
22015,"Bossier Parish, Louisiana",2.37,-1.53,,,,
22017,"Caddo Parish, Louisiana",1.54,-2.84,,,,
22019,"Calcasieu Parish, Louisiana",2.95,-1.32,,,,
22023,"Cameron Parish, Louisiana",3.8,-0.02,,,,
22031,"De Soto Parish, Louisiana",2.5,5.08,,,,
22033,"East Baton Rouge Parish, Louisiana",0.21,-1.53,,,,
22037,"East Feliciana Parish, Louisiana",2.06,-0.19,,,,
22043,"Grant Parish, Louisiana",0.48,0.35,,,,
22045,"Iberia Parish, Louisiana",0.41,0.31,,,,
22047,"Iberville Parish, Louisiana",-1.21,0.12,,,,
22051,"Jefferson Parish, Louisiana",0.08,-0.78,,,,
22055,"Lafayette Parish, Louisiana",-0.67,1.13,,,,
22057,"Lafourche Parish, Louisiana",-1.45,-4.59,,,,
22063,"Livingston Parish, Louisiana",-1.01,0.94,,,,
22071,"Orleans Parish, Louisiana",-0.48,-1.32,,,,
22073,"Ouachita Parish, Louisiana",-0.1,3.03,,,,
22075,"Plaquemines Parish, Louisiana",0.21,1.57,,,,
22077,"Pointe Coupee Parish, Louisiana",0.44,2.14,,,,
22079,"Rapides Parish, Louisiana",0.21,-1.84,,,,
22087,"St. Bernard Parish, Louisiana",-0.52,-0.6,,,,
22089,"St. Charles Parish, Louisiana",0.02,-0.4,,,,
22091,"St. Helena Parish, Louisiana",0.35,-0.33,,,,
22093,"St. James Parish, Louisiana",0.01,0.16,,,,
22095,"St. John the Baptist Parish, Louisiana",-0.39,-0.1,,,,
22099,"St. Martin Parish, Louisiana",0.18,-2.44,,,,
22103,"St. Tammany Parish, Louisiana",-0.24,-3.22,,,,
22105,"Tangipahoa Parish, Louisiana",-0.74,2.51,,,,
22109,"Terrebonne Parish, Louisiana",-0.77,3.55,,,,
22111,"Union Parish, Louisiana",0.12,3.64,,,,
22113,"Vermilion Parish, Louisiana",-0.52,2.47,,,,
22119,"Webster Parish, Louisiana",-0.75,0.31,,,,
22121,"West Baton Rouge Parish, Louisiana",-0.08,-3.37,,,,
22125,"West Feliciana Parish, Louisiana",-1,-3.42,,,,
23001,"Androscoggin County, Maine",-1.83,4.1,,,,
23005,"Cumberland County, Maine",1.49,2.76,,,,
23019,"Penobscot County, Maine",0.17,0.44,,,,
23023,"Sagadahoc County, Maine",-0.58,-0.1,,,,
23031,"York County, Maine",1.38,-1.91,,,,
24001,"Allegany County, Maryland",-0.42,-3.09,,,,
24003,"Anne Arundel County, Maryland",-0.56,3.4,,,,
24005,"Baltimore County, Maryland",1.78,-0.59,,,,
24009,"Calvert County, Maryland",-0.83,-0.16,,,,
24013,"Carroll County, Maryland",-0.75,-0.29,,,,
24015,"Cecil County, Maryland",-0.65,0.03,,,,
24017,"Charles County, Maryland",-0.27,0.87,,,,
24021,"Frederick County, Maryland",0.01,1.51,,,,
24025,"Harford County, Maryland",-0.32,4.95,,,,
24027,"Howard County, Maryland",0.43,1.08,,,,
24031,"Montgomery County, Maryland",-0.29,-1.08,,,,
24033,"Prince George's County, Maryland",-0.75,0.96,,,,
24035,"Queen Anne's County, Maryland",0.81,1.41,,,,
24037,"St. Mary's County, Maryland",-0.33,-0.43,,,,
24039,"Somerset County, Maryland",1.44,-4.94,,,,
24043,"Washington County, Maryland",0.62,1.33,,,,
24045,"Wicomico County, Maryland",1.04,2.64,,,,
24047,"Worcester County, Maryland",1.4,-0.97,,,,
24510,"Baltimore city, Maryland",2.93,0.05,,,,
25001,"Barnstable County, Massachusetts",2.42,-7.13,,,,
25003,"Berkshire County, Massachusetts",2.13,1.79,,,,
25005,"Bristol County, Massachusetts",1.61,-0.71,,,,
25009,"Essex County, Massachusetts",1.3,0.41,,,,
25013,"Hampden County, Massachusetts",0.94,1.52,,,,
25015,"Hampshire County, Massachusetts",0.79,-0.51,,,,
25017,"Middlesex County, Massachusetts",0.64,3.64,,,,
25021,"Norfolk County, Massachusetts",1.01,2.44,,,,
25023,"Plymouth County, Massachusetts",0.65,-2.69,,,,
25025,"Suffolk County, Massachusetts",1.51,-0.55,,,,
25027,"Worcester County, Massachusetts",1.76,0.48,,,,
26015,"Barry County, Michigan",2.81,3.47,,,,
26017,"Bay County, Michigan",2.48,-3.36,,,,
26021,"Berrien County, Michigan",0.81,1.88,,,,
26025,"Calhoun County, Michigan",1.65,-2.61,,,,
26027,"Cass County, Michigan",2.49,0.03,,,,
26037,"Clinton County, Michigan",2.29,-5.07,,,,
26045,"Eaton County, Michigan",1.67,-0.6,,,,
26049,"Genesee County, Michigan",2.8,-0.18,,,,
26065,"Ingham County, Michigan",3.44,0.48,,,,
26075,"Jackson County, Michigan",1.25,-1.22,,,,
26077,"Kalamazoo County, Michigan",1.14,-0.55,,,,
26081,"Kent County, Michigan",2.56,6.35,,,,
26087,"Lapeer County, Michigan",-1.51,1.22,,,,
26093,"Livingston County, Michigan",0.42,-3.67,,,,
26099,"Macomb County, Michigan",0.5,3.12,,,,
26111,"Midland County, Michigan",0.09,0.82,,,,
26115,"Monroe County, Michigan",0.15,0.08,,,,
26117,"Montcalm County, Michigan",0.6,-3.44,,,,
26121,"Muskegon County, Michigan",-0.35,0.96,,,,
26125,"Oakland County, Michigan",-0.75,0.65,,,,
26139,"Ottawa County, Michigan",-0.67,-0.52,,,,
26145,"Saginaw County, Michigan",-0.27,3.77,,,,
26147,"St. Clair County, Michigan",-0.41,1.06,,,,
26159,"Van Buren County, Michigan",-0.05,2.6,,,,
26161,"Washtenaw County, Michigan",0.77,-2.62,,,,
26163,"Wayne County, Michigan",1.22,-1.55,,,,
27003,"Anoka County, Minnesota",0.01,-2.2,,,,
27009,"Benton County, Minnesota",0.98,2.95,,,,
27013,"Blue Earth County, Minnesota",1.14,5.13,,,,
27017,"Carlton County, Minnesota",0.71,-0.56,,,,
27019,"Carver County, Minnesota",1.27,-1.67,,,,
27025,"Chisago County, Minnesota",-1.03,2.1,,,,
27027,"Clay County, Minnesota",-1.32,-2.03,,,,
27037,"Dakota County, Minnesota",-0.85,4.13,,,,
27039,"Dodge County, Minnesota",-0.77,2.66,,,,
27045,"Fillmore County, Minnesota",-0.15,-0.69,,,,
27053,"Hennepin County, Minnesota",-0.74,-4.47,,,,
27055,"Houston County, Minnesota",2.97,-2.59,,,,
27059,"Isanti County, Minnesota",3.02,-2.01,,,,
27079,"Le Sueur County, Minnesota",0.21,-1.24,,,,
27095,"Mille Lacs County, Minnesota",0.94,-3.4,,,,
27103,"Nicollet County, Minnesota",1.77,1.94,,,,
27109,"Olmsted County, Minnesota",-0.93,-0.3,,,,
27119,"Polk County, Minnesota",0.78,1.18,,,,
27123,"Ramsey County, Minnesota",2.33,3.18,,,,
27137,"St. Louis County, Minnesota",1.35,-4.79,,,,
27139,"Scott County, Minnesota",-0.12,0.3,,,,
27141,"Sherburne County, Minnesota",1.32,-4.64,,,,
27143,"Sibley County, Minnesota",-0.08,-1.68,,,,
27145,"Stearns County, Minnesota",2.17,-3.41,,,,
27157,"Wabasha County, Minnesota",1.4,1.57,,,,
27163,"Washington County, Minnesota",-0.58,0.16,,,,
27171,"Wright County, Minnesota",5.15,1.03,,,,
28009,"Benton County, Mississippi",4.87,-1.98,,,,
28029,"Copiah County, Mississippi",4.74,5.86,,,,
28033,"DeSoto County, Mississippi",3.54,-1.41,,,,
28035,"Forrest County, Mississippi",1.6,-0.34,,,,
28045,"Hancock County, Mississippi",2.1,1.57,,,,
28047,"Harrison County, Mississippi",2.02,1.21,,,,
28049,"Hinds County, Mississippi",1.92,2.35,,,,
28059,"Jackson County, Mississippi",2.27,0,,,,
28073,"Lamar County, Mississippi",5.83,6.64,,,,
28089,"Madison County, Mississippi",6.01,0.64,,,,
28093,"Marshall County, Mississippi",4.7,-1.26,,,,
28111,"Perry County, Mississippi",6.55,-1.46,,,,
28121,"Rankin County, Mississippi",4.78,0.15,,,,
28127,"Simpson County, Mississippi",4.95,1.3,,,,
28137,"Tate County, Mississippi",4.32,-3.13,,,,
28143,"Tunica County, Mississippi",4.93,-2.23,,,,
28163,"Yazoo County, Mississippi",1.09,0.8,,,,
29003,"Andrew County, Missouri",0.25,4.05,,,,
29013,"Bates County, Missouri",1.11,1.41,,,,
29017,"Bollinger County, Missouri",1.76,-4.64,,,,
29019,"Boone County, Missouri",1.92,3.08,,,,
29021,"Buchanan County, Missouri",1.08,2.82,,,,
29025,"Caldwell County, Missouri",1.59,-1.06,,,,
29027,"Callaway County, Missouri",2.76,-1.92,,,,
29031,"Cape Girardeau County, Missouri",1.41,1.73,,,,
29037,"Cass County, Missouri",0.48,-5.21,,,,
29043,"Christian County, Missouri",-0.61,2.6,,,,
29047,"Clay County, Missouri",-0.49,1.44,,,,
29049,"Clinton County, Missouri",-0.65,-4.21,,,,
29051,"Cole County, Missouri",-0.94,0.06,,,,
29059,"Dallas County, Missouri",-0.64,-1.98,,,,
29063,"DeKalb County, Missouri",-0.38,-0.97,,,,
29071,"Franklin County, Missouri",-0.25,-0.41,,,,
29077,"Greene County, Missouri",0.43,6.98,,,,
29095,"Jackson County, Missouri",-0.96,-2.13,,,,
29097,"Jasper County, Missouri",1.17,-0.7,,,,
29099,"Jefferson County, Missouri",0.75,1.7,,,,
29107,"Lafayette County, Missouri",-1.05,0.73,,,,
29113,"Lincoln County, Missouri",-0.55,-1.9,,,,
29119,"McDonald County, Missouri",-2.17,2.12,,,,
29135,"Moniteau County, Missouri",-0.92,-1.21,,,,
29145,"Newton County, Missouri",-1.11,1.31,,,,
29151,"Osage County, Missouri",-1.81,-1.45,,,,
29165,"Platte County, Missouri",1.3,0.44,,,,
29167,"Polk County, Missouri",1.19,1.54,,,,
29177,"Ray County, Missouri",1.79,2.61,,,,
29183,"St. Charles County, Missouri",0.46,-0.46,,,,
29189,"St. Louis County, Missouri",0.25,0.29,,,,
29219,"Warren County, Missouri",1.15,6.15,,,,
29225,"Webster County, Missouri",1.23,-4.06,,,,
29510,"St. Louis city, Missouri",0.15,-2.23,,,,
30009,"Carbon County, Montana",-0.17,2.08,,,,
30013,"Cascade County, Montana",0.22,0.41,,,,
30037,"Golden Valley County, Montana",1.31,2,,,,
30063,"Missoula County, Montana",-0.43,-1.14,,,,
30111,"Yellowstone County, Montana",-0.87,-1.15,,,,
31025,"Cass County, Nebraska",0.75,5.04,,,,
31043,"Dakota County, Nebraska",-0.22,-4.36,,,,
31051,"Dixon County, Nebraska",-0.3,-1.28,,,,
31055,"Douglas County, Nebraska",0.93,0.23,,,,
31079,"Hall County, Nebraska",-0.38,-1.33,,,,
31081,"Hamilton County, Nebraska",0.67,-2,,,,
31093,"Howard County, Nebraska",3.05,-2.1,,,,
31109,"Lancaster County, Nebraska",2.31,-2.21,,,,
31121,"Merrick County, Nebraska",3.63,3.79,,,,
31153,"Sarpy County, Nebraska",2.8,0.09,,,,
31155,"Saunders County, Nebraska",4.79,5.49,,,,
31159,"Seward County, Nebraska",2.1,-0.87,,,,
31177,"Washington County, Nebraska",3.54,2.13,,,,
32003,"Clark County, Nevada",2.38,-1.07,,,,
32029,"Storey County, Nevada",2.23,-1.95,,,,
32031,"Washoe County, Nevada",1.21,-0.78,,,,
32510,"Carson City, Nevada",1.78,1.94,,,,
33011,"Hillsborough County, New Hampshire",1.91,0.87,,,,
33015,"Rockingham County, New Hampshire",0.85,-4.26,,,,
33017,"Strafford County, New Hampshire",0.76,0.35,,,,
34001,"Atlantic County, New Jersey",1.01,1.15,,,,
34003,"Bergen County, New Jersey",0.12,3.32,,,,
34005,"Burlington County, New Jersey",0.87,3.75,,,,
34007,"Camden County, New Jersey",0.57,-5.68,,,,
34009,"Cape May County, New Jersey",0.89,-2.7,,,,
34011,"Cumberland County, New Jersey",2.48,-4.7,,,,
34013,"Essex County, New Jersey",-0.98,4.24,,,,
34015,"Gloucester County, New Jersey",-0.93,-0.32,,,,
34017,"Hudson County, New Jersey",-1.3,2.35,,,,
34019,"Hunterdon County, New Jersey",-0.41,-1.32,,,,
34021,"Mercer County, New Jersey",-0.35,-1.19,,,,
34023,"Middlesex County, New Jersey",-0.93,6.62,,,,
34025,"Monmouth County, New Jersey",0.09,0.49,,,,
34027,"Morris County, New Jersey",0,1.67,,,,
34029,"Ocean County, New Jersey",-1.36,-1.86,,,,
34031,"Passaic County, New Jersey",-0.88,4,,,,
34033,"Salem County, New Jersey",0.91,-1.25,,,,
34035,"Somerset County, New Jersey",0.63,1.27,,,,
34037,"Sussex County, New Jersey",-0.73,2.29,,,,
34039,"Union County, New Jersey",-1.02,-4.96,,,,
34041,"Warren County, New Jersey",0.41,-2.31,,,,
35001,"Bernalillo County, New Mexico",-0.71,-0.61,,,,
35013,"Dona Ana County, New Mexico",-0.27,2.18,,,,
35043,"Sandoval County, New Mexico",0.13,0.46,,,,
35045,"San Juan County, New Mexico",-0.06,-0.55,,,,
35049,"Santa Fe County, New Mexico",-0.81,0.5,,,,
35057,"Torrance County, New Mexico",2.62,1.29,,,,
35061,"Valencia County, New Mexico",1.73,3.13,,,,
36001,"Albany County, New York",0.78,3.96,,,,
36005,"Bronx County, New York",0.26,2.19,,,,
36007,"Broome County, New York",3.97,-3.32,,,,
36015,"Chemung County, New York",2.93,-4.81,,,,
36027,"Dutchess County, New York",1.76,-0.76,,,,
36029,"Erie County, New York",2.22,-1.64,,,,
36043,"Herkimer County, New York",1.33,-0.07,,,,
36045,"Jefferson County, New York",1.53,1.89,,,,
36047,"Kings County, New York",3.59,5.26,,,,
36051,"Livingston County, New York",3.71,-0.34,,,,
36053,"Madison County, New York",2.92,-7.23,,,,
36055,"Monroe County, New York",4.65,-0.87,,,,
36059,"Nassau County, New York",3.73,-0.17,,,,
36061,"New York County, New York",2.75,-2.91,,,,
36063,"Niagara County, New York",2.62,2.06,,,,
36065,"Oneida County, New York",1.34,-1.1,,,,
36067,"Onondaga County, New York",1.94,4.63,,,,
36069,"Ontario County, New York",2.41,0.53,,,,
36071,"Orange County, New York",0.32,3.7,,,,
36073,"Orleans County, New York",0.08,-3.62,,,,
36075,"Oswego County, New York",0.27,2.58,,,,
36079,"Putnam County, New York",1.1,-3.06,,,,
36081,"Queens County, New York",-0.52,-1.87,,,,
36083,"Rensselaer County, New York",-0.82,0.77,,,,
36085,"Richmond County, New York",1.51,-1.05,,,,
36087,"Rockland County, New York",1.86,3.19,,,,
36091,"Saratoga County, New York",1.67,4.07,,,,
36093,"Schenectady County, New York",1.71,-1.51,,,,
36095,"Schoharie County, New York",2.36,0.84,,,,
36103,"Suffolk County, New York",2.54,-1.44,,,,
36107,"Tioga County, New York",0.73,-3.26,,,,
36109,"Tompkins County, New York",1.14,-0.93,,,,
36111,"Ulster County, New York",1.51,-0.6,,,,
36113,"Warren County, New York",1.9,1.34,,,,
36115,"Washington County, New York",0.05,-3.38,,,,
36117,"Wayne County, New York",0.68,-0.58,,,,
36119,"Westchester County, New York",-0.04,4.59,,,,
36123,"Yates County, New York",-0.11,-1.12,,,,
37001,"Alamance County, North Carolina",-1.01,-5.2,,,,
37003,"Alexander County, North Carolina",0.68,2,,,,
37019,"Brunswick County, North Carolina",0.61,-2.4,,,,
37021,"Buncombe County, North Carolina",0.12,-2.73,,,,
37023,"Burke County, North Carolina",1.01,-1.35,,,,
37025,"Cabarrus County, North Carolina",-0.07,1.05,,,,
37027,"Caldwell County, North Carolina",1.08,1.47,,,,
37035,"Catawba County, North Carolina",2.08,3.05,,,,
37037,"Chatham County, North Carolina",0.04,2.83,,,,
37049,"Craven County, North Carolina",0.82,-1.11,,,,
37051,"Cumberland County, North Carolina",0.66,-2.84,,,,
37053,"Currituck County, North Carolina",3.47,-3.31,,,,
37057,"Davidson County, North Carolina",1.97,0.37,,,,
37059,"Davie County, North Carolina",0.71,-4.09,,,,
37063,"Durham County, North Carolina",3.53,-0.16,,,,
37065,"Edgecombe County, North Carolina",2.63,-1.02,,,,
37067,"Forsyth County, North Carolina",1.27,-1.94,,,,
37069,"Franklin County, North Carolina",1.97,0.12,,,,
37071,"Gaston County, North Carolina",3.38,-4.21,,,,
37073,"Gates County, North Carolina",1.35,-2.41,,,,
37081,"Guilford County, North Carolina",1.96,1.74,,,,
37087,"Haywood County, North Carolina",25.13,-1.27,,,,
37089,"Henderson County, North Carolina",14.43,-1.21,,,,
37093,"Hoke County, North Carolina",8.04,-4.49,,,,
37097,"Iredell County, North Carolina",11.47,4.19,,,,
37101,"Johnston County, North Carolina",4.01,-0.79,,,,
37103,"Jones County, North Carolina",6.08,2.66,,,,
37109,"Lincoln County, North Carolina",5.45,-2.52,,,,
37115,"Madison County, North Carolina",4.59,-1.31,,,,
37119,"Mecklenburg County, North Carolina",2.59,-0.93,,,,
37127,"Nash County, North Carolina",4.23,-3.3,,,,
37129,"New Hanover County, North Carolina",0.73,2.65,,,,
37133,"Onslow County, North Carolina",-0.51,-2.36,,,,
37135,"Orange County, North Carolina",4.12,2.73,,,,
37137,"Pamlico County, North Carolina",-0.5,1.66,,,,
37141,"Pender County, North Carolina",-0.47,-1.62,,,,
37145,"Person County, North Carolina",-0.36,-0.04,,,,
37147,"Pitt County, North Carolina",-0.28,0.44,,,,
37151,"Randolph County, North Carolina",-0.6,-1.01,,,,
37157,"Rockingham County, North Carolina",-0.35,-1.03,,,,
37159,"Rowan County, North Carolina",0.45,1.78,,,,
37169,"Stokes County, North Carolina",1.19,4.89,,,,
37179,"Union County, North Carolina",4.18,0.72,,,,
37183,"Wake County, North Carolina",6.09,-1.87,,,,
37191,"Wayne County, North Carolina",5,2.99,,,,
37197,"Yadkin County, North Carolina",5.07,-3.24,,,,
38015,"Burleigh County, North Dakota",3.3,1.39,,,,
38017,"Cass County, North Dakota",4.27,-4.54,,,,
38035,"Grand Forks County, North Dakota",4.58,1.17,,,,
38059,"Morton County, North Dakota",-0.84,3.16,,,,
38065,"Oliver County, North Dakota",-1.67,-1.62,,,,
38085,"Sioux County, North Dakota",-1.04,0.86,,,,
39003,"Allen County, Ohio",-1.05,3.17,,,,
39013,"Belmont County, Ohio",-1.75,0.06,,,,
39015,"Brown County, Ohio",-0.73,-1.55,,,,
39017,"Butler County, Ohio",-0.86,2.31,,,,
39019,"Carroll County, Ohio",-1.37,2.81,,,,
39023,"Clark County, Ohio",-1.05,2.1,,,,
39025,"Clermont County, Ohio",5.56,-1.06,,,,
39035,"Cuyahoga County, Ohio",5.66,1.63,,,,
39041,"Delaware County, Ohio",6.67,0.31,,,,
39045,"Fairfield County, Ohio",4.5,-1.81,,,,
39049,"Franklin County, Ohio",4.24,1.38,,,,
39051,"Fulton County, Ohio",3.48,-1.73,,,,
39055,"Geauga County, Ohio",3.5,-2.65,,,,
39057,"Greene County, Ohio",3.8,2.22,,,,
39061,"Hamilton County, Ohio",3.52,-0.9,,,,
39073,"Hocking County, Ohio",3.45,-1.36,,,,
39081,"Jefferson County, Ohio",3.13,-0.97,,,,
39085,"Lake County, Ohio",5.94,0.39,,,,
39087,"Lawrence County, Ohio",1.24,4.4,,,,
39089,"Licking County, Ohio",1.48,-1.98,,,,
39093,"Lorain County, Ohio",1.44,-0.66,,,,
39095,"Lucas County, Ohio",0.88,0.26,,,,
39097,"Madison County, Ohio",1.55,-1.06,,,,
39099,"Mahoning County, Ohio",1.03,-0.08,,,,
39103,"Medina County, Ohio",1.07,-2.29,,,,
39109,"Miami County, Ohio",1.4,-2.75,,,,
39113,"Montgomery County, Ohio",0.77,1.89,,,,
39117,"Morrow County, Ohio",0.75,0.67,,,,
39127,"Perry County, Ohio",1.15,-2.74,,,,
39129,"Pickaway County, Ohio",1.26,-1,,,,
39133,"Portage County, Ohio",0.05,1.01,,,,
39139,"Richland County, Ohio",-0.23,-3.68,,,,
39151,"Stark County, Ohio",-0.13,0.29,,,,
39153,"Summit County, Ohio",0.12,-2.26,,,,
39155,"Trumbull County, Ohio",0.23,1.8,,,,
39159,"Union County, Ohio",0.35,-2.12,,,,
39165,"Warren County, Ohio",-0.32,-1.51,,,,
39173,"Wood County, Ohio",-0.56,-0.03,,,,
40017,"Canadian County, Oklahoma",0.07,-0.68,,,,
40027,"Cleveland County, Oklahoma",3.01,-1.98,,,,
40031,"Comanche County, Oklahoma",0.36,-3.46,,,,
40033,"Cotton County, Oklahoma",-0.27,-1.22,,,,
40037,"Creek County, Oklahoma",2.37,2.48,,,,
40051,"Grady County, Oklahoma",1.54,-0.03,,,,
40079,"Le Flore County, Oklahoma",2.95,-6.21,,,,
40081,"Lincoln County, Oklahoma",3.8,-1.46,,,,
40083,"Logan County, Oklahoma",2.5,2.23,,,,
40087,"McClain County, Oklahoma",0.21,-0.3,,,,
40109,"Oklahoma County, Oklahoma",2.06,2.7,,,,
40111,"Okmulgee County, Oklahoma",0.48,-2.36,,,,
40113,"Osage County, Oklahoma",0.41,0.2,,,,
40117,"Pawnee County, Oklahoma",-1.21,-0.82,,,,
40131,"Rogers County, Oklahoma",0.08,-0.16,,,,
40135,"Sequoyah County, Oklahoma",-0.67,1.2,,,,
40143,"Tulsa County, Oklahoma",-1.45,-2.17,,,,
40145,"Wagoner County, Oklahoma",-1.01,-3.68,,,,
41003,"Benton County, Oregon",-0.48,-0.78,,,,
41005,"Clackamas County, Oregon",-0.1,-4.35,,,,
41009,"Columbia County, Oregon",0.21,0.23,,,,
41017,"Deschutes County, Oregon",0.44,-1.93,,,,
41029,"Jackson County, Oregon",0.21,-3.76,,,,
41033,"Josephine County, Oregon",-0.52,2.13,,,,
41039,"Lane County, Oregon",0.02,0.85,,,,
41043,"Linn County, Oregon",0.35,1.67,,,,
41047,"Marion County, Oregon",0.01,-4.89,,,,
41051,"Multnomah County, Oregon",-0.39,-1.31,,,,
41053,"Polk County, Oregon",0.18,3.14,,,,
41067,"Washington County, Oregon",-0.24,-0.46,,,,
41071,"Yamhill County, Oregon",-0.74,-3.68,,,,
42001,"Adams County, Pennsylvania",-0.77,0.67,,,,
42003,"Allegheny County, Pennsylvania",0.12,0.03,,,,
42005,"Armstrong County, Pennsylvania",-0.52,0.78,,,,
42007,"Beaver County, Pennsylvania",-0.75,0.57,,,,
42011,"Berks County, Pennsylvania",-0.08,-1.36,,,,
42013,"Blair County, Pennsylvania",-1,2.02,,,,
42017,"Bucks County, Pennsylvania",-1.83,2.91,,,,
42019,"Butler County, Pennsylvania",1.49,-3.52,,,,
42021,"Cambria County, Pennsylvania",0.17,-3.41,,,,
42025,"Carbon County, Pennsylvania",-0.58,-1.5,,,,
42027,"Centre County, Pennsylvania",1.38,3.26,,,,
42029,"Chester County, Pennsylvania",-0.42,1.02,,,,
42037,"Columbia County, Pennsylvania",-0.56,-0.16,,,,
42041,"Cumberland County, Pennsylvania",1.78,0.19,,,,
42043,"Dauphin County, Pennsylvania",-0.83,0.39,,,,
42045,"Delaware County, Pennsylvania",-0.75,-1.81,,,,
42049,"Erie County, Pennsylvania",-0.65,-2.32,,,,
42051,"Fayette County, Pennsylvania",-0.27,-1.95,,,,
42055,"Franklin County, Pennsylvania",0.01,-1.43,,,,
42069,"Lackawanna County, Pennsylvania",-0.32,-0.02,,,,
42071,"Lancaster County, Pennsylvania",0.43,0.3,,,,
42075,"Lebanon County, Pennsylvania",-0.29,-3.13,,,,
42077,"Lehigh County, Pennsylvania",-0.75,0.33,,,,
42079,"Luzerne County, Pennsylvania",0.81,-0.63,,,,
42081,"Lycoming County, Pennsylvania",-0.33,3.09,,,,
42085,"Mercer County, Pennsylvania",1.44,-1.97,,,,
42089,"Monroe County, Pennsylvania",0.62,1.8,,,,
42091,"Montgomery County, Pennsylvania",1.04,-2.13,,,,
42093,"Montour County, Pennsylvania",1.4,1.82,,,,
42095,"Northampton County, Pennsylvania",2.93,2.1,,,,
42099,"Perry County, Pennsylvania",2.42,-1.09,,,,
42101,"Philadelphia County, Pennsylvania",2.13,0.37,,,,
42103,"Pike County, Pennsylvania",1.61,-2.01,,,,
42125,"Washington County, Pennsylvania",1.3,-2.51,,,,
42129,"Westmoreland County, Pennsylvania",0.94,0.22,,,,
42131,"Wyoming County, Pennsylvania",0.79,-2.31,,,,
42133,"York County, Pennsylvania",0.64,-0.78,,,,
44001,"Bristol County, Rhode Island",1.01,5.13,,,,
44003,"Kent County, Rhode Island",0.65,0.08,,,,
44005,"Newport County, Rhode Island",1.51,-2.94,,,,
44007,"Providence County, Rhode Island",1.76,-5.91,,,,
44009,"Washington County, Rhode Island",2.81,1,,,,
45003,"Aiken County, South Carolina",2.48,2.78,,,,
45007,"Anderson County, South Carolina",0.81,-0.52,,,,
45013,"Beaufort County, South Carolina",1.65,-1.66,,,,
45015,"Berkeley County, South Carolina",2.49,-4.3,,,,
45017,"Calhoun County, South Carolina",2.29,0.02,,,,
45019,"Charleston County, South Carolina",1.67,0.76,,,,
45023,"Chester County, South Carolina",2.8,-3.35,,,,
45031,"Darlington County, South Carolina",3.44,-4.98,,,,
45035,"Dorchester County, South Carolina",1.25,-2.6,,,,
45037,"Edgefield County, South Carolina",1.14,0.82,,,,
45039,"Fairfield County, South Carolina",2.56,1.94,,,,
45041,"Florence County, South Carolina",-1.51,-6.03,,,,
45045,"Greenville County, South Carolina",0.42,-1.98,,,,
45051,"Horry County, South Carolina",0.5,1.93,,,,
45053,"Jasper County, South Carolina",0.09,-1.75,,,,
45055,"Kershaw County, South Carolina",0.15,0.77,,,,
45057,"Lancaster County, South Carolina",0.6,0.75,,,,
45059,"Laurens County, South Carolina",-0.35,-3.12,,,,
45063,"Lexington County, South Carolina",-0.75,1.6,,,,
45077,"Pickens County, South Carolina",-0.67,-2.88,,,,
45079,"Richland County, South Carolina",-0.27,-2.61,,,,
45081,"Saluda County, South Carolina",-0.41,0.69,,,,
45083,"Spartanburg County, South Carolina",-0.05,2.15,,,,
45085,"Sumter County, South Carolina",0.77,-0.94,,,,
45087,"Union County, South Carolina",1.22,1.06,,,,
45091,"York County, South Carolina",0.01,-4.06,,,,
46033,"Custer County, South Dakota",0.98,-0.49,,,,
46083,"Lincoln County, South Dakota",1.14,0.46,,,,
46087,"McCook County, South Dakota",0.71,-0.95,,,,
46093,"Meade County, South Dakota",1.27,-0.04,,,,
46099,"Minnehaha County, South Dakota",-1.03,7.36,,,,
46103,"Pennington County, South Dakota",-1.32,3.3,,,,
46125,"Turner County, South Dakota",-0.85,-0.44,,,,
46127,"Union County, South Dakota",-0.77,-2.81,,,,
47001,"Anderson County, Tennessee",-0.15,1.99,,,,
47009,"Blount County, Tennessee",-0.74,-1.78,,,,
47011,"Bradley County, Tennessee",2.97,-3.13,,,,
47013,"Campbell County, Tennessee",3.02,4.66,,,,
47015,"Cannon County, Tennessee",0.21,2.23,,,,
47019,"Carter County, Tennessee",0.94,2.91,,,,
47021,"Cheatham County, Tennessee",1.77,4.28,,,,
47023,"Chester County, Tennessee",-0.93,-1.81,,,,
47033,"Crockett County, Tennessee",0.78,-1.73,,,,
47037,"Davidson County, Tennessee",2.33,-0.62,,,,
47043,"Dickson County, Tennessee",1.35,3.32,,,,
47047,"Fayette County, Tennessee",-0.12,2.03,,,,
47057,"Grainger County, Tennessee",1.32,1.17,,,,
47063,"Hamblen County, Tennessee",-0.08,-3.18,,,,
47065,"Hamilton County, Tennessee",2.17,-2.46,,,,
47073,"Hawkins County, Tennessee",1.4,-1.17,,,,
47081,"Hickman County, Tennessee",-0.58,0.66,,,,
47089,"Jefferson County, Tennessee",5.15,0.25,,,,
47093,"Knox County, Tennessee",4.87,-1.02,,,,
47105,"Loudon County, Tennessee",4.74,-3.6,,,,
47111,"Macon County, Tennessee",3.54,-3.37,,,,
47113,"Madison County, Tennessee",1.6,1.5,,,,
47115,"Marion County, Tennessee",2.1,-1.55,,,,
47119,"Maury County, Tennessee",2.02,-3.78,,,,
47125,"Montgomery County, Tennessee",1.92,-1.15,,,,
47129,"Morgan County, Tennessee",2.27,-1.12,,,,
47139,"Polk County, Tennessee",5.83,3.78,,,,
47145,"Roane County, Tennessee",6.01,-0.69,,,,
47147,"Robertson County, Tennessee",4.7,-0.77,,,,
47149,"Rutherford County, Tennessee",6.55,-0.77,,,,
47153,"Sequatchie County, Tennessee",4.78,-4.55,,,,
47157,"Shelby County, Tennessee",4.95,2.03,,,,
47159,"Smith County, Tennessee",4.32,2.07,,,,
47163,"Sullivan County, Tennessee",4.93,-0.22,,,,
47165,"Sumner County, Tennessee",1.09,-1.12,,,,
47167,"Tipton County, Tennessee",0.25,2.5,,,,
47169,"Trousdale County, Tennessee",1.11,-2.9,,,,
47171,"Unicoi County, Tennessee",1.76,2.41,,,,
47173,"Union County, Tennessee",1.92,3.33,,,,
47179,"Washington County, Tennessee",1.08,-2.39,,,,
47187,"Williamson County, Tennessee",1.59,-1.32,,,,
47189,"Wilson County, Tennessee",2.76,-1.71,,,,
48007,"Aransas County, Texas",1.41,-2.15,,,,
48009,"Archer County, Texas",0.48,-1.62,,,,
48011,"Armstrong County, Texas",-0.61,-2.92,,,,
48013,"Atascosa County, Texas",-0.49,-2.16,,,,
48015,"Austin County, Texas",-0.65,-0.71,,,,
48019,"Bandera County, Texas",-0.94,-1.89,,,,
48021,"Bastrop County, Texas",-0.64,4.05,,,,
48027,"Bell County, Texas",-0.38,-2.93,,,,
48029,"Bexar County, Texas",-0.25,2.73,,,,
48037,"Bowie County, Texas",0.43,-0.51,,,,
48039,"Brazoria County, Texas",-0.96,1.31,,,,
48041,"Brazos County, Texas",1.17,-1.82,,,,
48051,"Burleson County, Texas",0.75,-0.95,,,,
48055,"Caldwell County, Texas",-1.05,-0.58,,,,
48059,"Callahan County, Texas",-0.55,-4.93,,,,
48061,"Cameron County, Texas",-2.17,0.24,,,,
48065,"Carson County, Texas",-0.92,-4.25,,,,
48071,"Chambers County, Texas",-1.11,1.36,,,,
48077,"Clay County, Texas",-1.81,-1.11,,,,
48085,"Collin County, Texas",1.3,-9.27,,,,
48091,"Comal County, Texas",1.19,1.58,,,,
48099,"Coryell County, Texas",1.79,-2.99,,,,
48107,"Crosby County, Texas",0.46,-0.19,,,,
48113,"Dallas County, Texas",0.25,-0.87,,,,
48121,"Denton County, Texas",1.15,1.17,,,,
48135,"Ector County, Texas",1.23,-4.37,,,,
48139,"Ellis County, Texas",0.15,-1.17,,,,
48141,"El Paso County, Texas",-0.17,-1.83,,,,
48145,"Falls County, Texas",0.22,0.41,,,,
48157,"Fort Bend County, Texas",1.31,1.84,,,,
48167,"Galveston County, Texas",-0.43,0.4,,,,
48175,"Goliad County, Texas",-0.87,0.64,,,,
48181,"Grayson County, Texas",0.75,-4.01,,,,
48183,"Gregg County, Texas",-0.22,3.19,,,,
48187,"Guadalupe County, Texas",-0.3,-0.57,,,,
48199,"Hardin County, Texas",0.93,2.45,,,,
48201,"Harris County, Texas",-0.38,2.1,,,,
48209,"Hays County, Texas",0.67,0.65,,,,
48215,"Hidalgo County, Texas",3.05,-1.2,,,,
48221,"Hood County, Texas",2.31,0.12,,,,
48229,"Hudspeth County, Texas",3.63,0.64,,,,
48231,"Hunt County, Texas",2.8,-0.77,,,,
48235,"Irion County, Texas",4.79,1.91,,,,
48245,"Jefferson County, Texas",2.1,-2.96,,,,
48251,"Johnson County, Texas",3.54,-3.13,,,,
48253,"Jones County, Texas",2.38,-0.67,,,,
48257,"Kaufman County, Texas",2.23,0.63,,,,
48259,"Kendall County, Texas",1.21,2.73,,,,
48281,"Lampasas County, Texas",1.78,0.18,,,,
48291,"Liberty County, Texas",1.91,1.1,,,,
48303,"Lubbock County, Texas",0.85,2.28,,,,
48305,"Lynn County, Texas",0.76,-2.38,,,,
48309,"McLennan County, Texas",1.01,-1.22,,,,
48317,"Martin County, Texas",0.12,1.92,,,,
48325,"Medina County, Texas",0.87,-2.54,,,,
48329,"Midland County, Texas",0.57,3.88,,,,
48339,"Montgomery County, Texas",0.89,-3,,,,
48351,"Newton County, Texas",2.48,-0.25,,,,
48355,"Nueces County, Texas",-0.98,0.15,,,,
48359,"Oldham County, Texas",-0.93,-2.57,,,,
48361,"Orange County, Texas",-1.3,0.04,,,,
48367,"Parker County, Texas",-0.41,-3.96,,,,
48375,"Potter County, Texas",-0.35,4.98,,,,
48381,"Randall County, Texas",-0.93,2.45,,,,
48395,"Robertson County, Texas",0.09,-0.41,,,,
48397,"Rockwall County, Texas",0,4,,,,
48401,"Rusk County, Texas",-1.36,-4.51,,,,
48409,"San Patricio County, Texas",-0.88,0.68,,,,
48423,"Smith County, Texas",0.91,-0.65,,,,
48425,"Somervell County, Texas",0.63,-0.87,,,,
48439,"Tarrant County, Texas",-0.73,-2.37,,,,
48441,"Taylor County, Texas",-1.02,0.91,,,,
48451,"Tom Green County, Texas",0.41,-2.03,,,,
48453,"Travis County, Texas",-0.71,0.77,,,,
48459,"Upshur County, Texas",-0.27,-1.79,,,,
48469,"Victoria County, Texas",0.13,5.19,,,,
48473,"Waller County, Texas",-0.06,-1.15,,,,
48479,"Webb County, Texas",-0.81,2.57,,,,
48485,"Wichita County, Texas",2.62,-3.42,,,,
48491,"Williamson County, Texas",1.73,-0.96,,,,
48493,"Wilson County, Texas",0.78,-0.93,,,,
48497,"Wise County, Texas",0.26,-1.06,,,,
49003,"Box Elder County, Utah",3.97,-0.96,,,,
49005,"Cache County, Utah",2.93,-2.77,,,,
49011,"Davis County, Utah",1.76,1.64,,,,
49023,"Juab County, Utah",2.22,-0.8,,,,
49029,"Morgan County, Utah",1.33,0.52,,,,
49035,"Salt Lake County, Utah",1.53,2.92,,,,
49045,"Tooele County, Utah",3.59,1.65,,,,
49049,"Utah County, Utah",3.71,-2.01,,,,
49053,"Washington County, Utah",2.92,-2.36,,,,
49057,"Weber County, Utah",4.65,-2.5,,,,
50007,"Chittenden County, Vermont",3.73,0.78,,,,
50011,"Franklin County, Vermont",2.75,3.54,,,,
50013,"Grand Isle County, Vermont",2.62,0.56,,,,
51003,"Albemarle County, Virginia",1.34,2.16,,,,
51007,"Amelia County, Virginia",1.94,0.12,,,,
51009,"Amherst County, Virginia",2.41,0.05,,,,
51011,"Appomattox County, Virginia",0.32,3.52,,,,
51013,"Arlington County, Virginia",0.08,2.09,,,,
51015,"Augusta County, Virginia",0.27,-1.59,,,,
51019,"Bedford County, Virginia",1.1,-5.26,,,,
51023,"Botetourt County, Virginia",-0.52,2.64,,,,
51029,"Buckingham County, Virginia",-0.82,5.45,,,,
51031,"Campbell County, Virginia",1.51,-1.53,,,,
51033,"Caroline County, Virginia",1.86,-2.84,,,,
51036,"Charles City County, Virginia",1.67,-1.32,,,,
51041,"Chesterfield County, Virginia",1.71,-0.02,,,,
51043,"Clarke County, Virginia",2.36,5.08,,,,
51045,"Craig County, Virginia",2.54,-4.3,,,,
51047,"Culpeper County, Virginia",0.73,0.02,,,,
51053,"Dinwiddie County, Virginia",1.14,0.76,,,,
51059,"Fairfax County, Virginia",1.51,-3.35,,,,
51061,"Fauquier County, Virginia",1.9,-4.98,,,,
51063,"Floyd County, Virginia",0.05,-2.6,,,,
51065,"Fluvanna County, Virginia",0.68,0.82,,,,
51067,"Franklin County, Virginia",-0.04,1.94,,,,
51069,"Frederick County, Virginia",-0.11,-6.03,,,,
51071,"Giles County, Virginia",-1.01,-1.98,,,,
51073,"Gloucester County, Virginia",0.68,1.93,,,,
51075,"Goochland County, Virginia",0.61,-1.75,,,,
51079,"Greene County, Virginia",0.12,0.77,,,,
51085,"Hanover County, Virginia",1.01,0.75,,,,
51087,"Henrico County, Virginia",-0.07,-3.12,,,,
51093,"Isle of Wight County, Virginia",1.08,1.6,,,,
51095,"James City County, Virginia",2.08,-2.88,,,,
51101,"King William County, Virginia",0.04,-2.61,,,,
51107,"Loudoun County, Virginia",0.82,0.69,,,,
51115,"Mathews County, Virginia",0.66,2.15,,,,
51121,"Montgomery County, Virginia",3.47,-0.94,,,,
51125,"Nelson County, Virginia",1.97,1.06,,,,
51127,"New Kent County, Virginia",0.71,-4.06,,,,
51145,"Powhatan County, Virginia",3.53,-0.49,,,,
51149,"Prince George County, Virginia",2.63,0.46,,,,
51153,"Prince William County, Virginia",1.27,-0.95,,,,
51155,"Pulaski County, Virginia",1.97,-0.04,,,,
51157,"Rappahannock County, Virginia",3.38,7.36,,,,
51161,"Roanoke County, Virginia",1.35,3.3,,,,
51165,"Rockingham County, Virginia",1.96,-0.44,,,,
51169,"Scott County, Virginia",25.13,-2.81,,,,
51177,"Spotsylvania County, Virginia",14.43,1.99,,,,
51179,"Stafford County, Virginia",8.04,-1.78,,,,
51183,"Sussex County, Virginia",11.47,-3.13,,,,
51187,"Warren County, Virginia",4.01,4.66,,,,
51191,"Washington County, Virginia",6.08,2.23,,,,
51199,"York County, Virginia",5.45,2.91,,,,
51510,"Alexandria city, Virginia",4.59,4.28,,,,
51515,"Bedford city, Virginia",2.59,-1.81,,,,
51520,"Bristol city, Virginia",4.23,-1.73,,,,
51540,"Charlottesville city, Virginia",0.73,-0.62,,,,
51550,"Chesapeake city, Virginia",-0.51,3.32,,,,
51570,"Colonial Heights city, Virginia",4.12,2.03,,,,
51600,"Fairfax city, Virginia",-0.5,1.17,,,,
51610,"Falls Church city, Virginia",-0.47,-3.18,,,,
51630,"Fredericksburg city, Virginia",-0.36,-2.46,,,,
51650,"Hampton city, Virginia",-0.28,-1.17,,,,
51660,"Harrisonburg city, Virginia",-0.6,0.66,,,,
51670,"Hopewell city, Virginia",-0.35,0.25,,,,
51680,"Lynchburg city, Virginia",0.45,-1.02,,,,
51683,"Manassas city, Virginia",1.19,-3.6,,,,
51685,"Manassas Park city, Virginia",4.18,-3.37,,,,
51700,"Newport News city, Virginia",6.09,1.5,,,,
51710,"Norfolk city, Virginia",5,-1.55,,,,
51730,"Petersburg city, Virginia",5.07,-3.78,,,,
51735,"Poquoson city, Virginia",3.3,-1.15,,,,
51740,"Portsmouth city, Virginia",4.27,-1.12,,,,
51750,"Radford city, Virginia",4.58,3.78,,,,
51760,"Richmond city, Virginia",-0.84,-0.69,,,,
51770,"Roanoke city, Virginia",-1.67,-0.77,,,,
51775,"Salem city, Virginia",-1.04,-0.77,,,,
51790,"Staunton city, Virginia",-1.05,-4.55,,,,
51800,"Suffolk city, Virginia",-1.75,2.03,,,,
51810,"Virginia Beach city, Virginia",-0.73,2.07,,,,
51820,"Waynesboro city, Virginia",-0.86,-0.22,,,,
51830,"Williamsburg city, Virginia",-1.37,-1.12,,,,
51840,"Winchester city, Virginia",-1.05,2.5,,,,
53003,"Asotin County, Washington",5.56,-2.9,,,,
53005,"Benton County, Washington",5.66,2.41,,,,
53007,"Chelan County, Washington",6.67,3.33,,,,
53011,"Clark County, Washington",4.5,-2.39,,,,
53013,"Columbia County, Washington",4.24,-1.32,,,,
53015,"Cowlitz County, Washington",3.48,-1.71,,,,
53017,"Douglas County, Washington",3.5,-2.15,,,,
53021,"Franklin County, Washington",3.8,-1.62,,,,
53033,"King County, Washington",3.52,-2.92,,,,
53035,"Kitsap County, Washington",3.45,-2.16,,,,
53051,"Pend Oreille County, Washington",3.13,-0.71,,,,
53053,"Pierce County, Washington",5.94,-1.89,,,,
53057,"Skagit County, Washington",1.24,4.05,,,,
53059,"Skamania County, Washington",1.48,-2.93,,,,
53061,"Snohomish County, Washington",1.44,2.73,,,,
53063,"Spokane County, Washington",0.88,-0.51,,,,
53065,"Stevens County, Washington",1.55,1.31,,,,
53067,"Thurston County, Washington",1.03,-1.82,,,,
53071,"Walla Walla County, Washington",1.07,-0.95,,,,
53073,"Whatcom County, Washington",1.4,-0.58,,,,
53077,"Yakima County, Washington",0.77,-4.93,,,,
54003,"Berkeley County, West Virginia",0.75,0.24,,,,
54005,"Boone County, West Virginia",1.15,-4.25,,,,
54009,"Brooke County, West Virginia",1.26,1.36,,,,
54011,"Cabell County, West Virginia",0.05,-1.11,,,,
54015,"Clay County, West Virginia",-0.23,-9.27,,,,
54019,"Fayette County, West Virginia",-0.13,1.58,,,,
54027,"Hampshire County, West Virginia",0.12,-2.99,,,,
54029,"Hancock County, West Virginia",0.23,-0.19,,,,
54037,"Jefferson County, West Virginia",0.35,-0.87,,,,
54039,"Kanawha County, West Virginia",-0.32,1.17,,,,
54043,"Lincoln County, West Virginia",-0.56,-4.37,,,,
54051,"Marshall County, West Virginia",0.07,-1.17,,,,
54057,"Mineral County, West Virginia",3.01,-1.83,,,,
54061,"Monongalia County, West Virginia",0.36,0.41,,,,
54069,"Ohio County, West Virginia",-0.27,1.84,,,,
54077,"Preston County, West Virginia",2.37,0.4,,,,
54079,"Putnam County, West Virginia",1.54,0.64,,,,
54081,"Raleigh County, West Virginia",2.95,-4.01,,,,
54099,"Wayne County, West Virginia",3.8,3.19,,,,
54105,"Wirt County, West Virginia",2.5,-0.57,,,,
54107,"Wood County, West Virginia",0.21,2.45,,,,
55009,"Brown County, Wisconsin",2.06,2.1,,,,
55015,"Calumet County, Wisconsin",0.48,0.65,,,,
55017,"Chippewa County, Wisconsin",0.41,-1.2,,,,
55021,"Columbia County, Wisconsin",-1.21,0.12,,,,
55025,"Dane County, Wisconsin",0.08,0.64,,,,
55031,"Douglas County, Wisconsin",-0.67,-0.77,,,,
55035,"Eau Claire County, Wisconsin",-1.45,1.91,,,,
55039,"Fond du Lac County, Wisconsin",-1.01,-2.96,,,,
55045,"Green County, Wisconsin",-0.48,-3.13,,,,
55049,"Iowa County, Wisconsin",-0.1,-0.67,,,,
55059,"Kenosha County, Wisconsin",0.21,0.63,,,,
55061,"Kewaunee County, Wisconsin",0.44,2.73,,,,
55063,"La Crosse County, Wisconsin",0.21,0.18,,,,
55073,"Marathon County, Wisconsin",-0.52,1.1,,,,
55079,"Milwaukee County, Wisconsin",0.02,2.28,,,,
55083,"Oconto County, Wisconsin",0.35,-2.38,,,,
55087,"Outagamie County, Wisconsin",0.01,-1.22,,,,
55089,"Ozaukee County, Wisconsin",-0.39,1.92,,,,
55093,"Pierce County, Wisconsin",0.18,-2.54,,,,
55101,"Racine County, Wisconsin",-0.24,3.88,,,,
55105,"Rock County, Wisconsin",-0.74,-3,,,,
55109,"St. Croix County, Wisconsin",-0.77,-0.25,,,,
55117,"Sheboygan County, Wisconsin",0.12,0.15,,,,
55131,"Washington County, Wisconsin",-0.52,-2.57,,,,
55133,"Waukesha County, Wisconsin",-0.75,0.04,,,,
55139,"Winnebago County, Wisconsin",-0.08,-3.96,,,,
56021,"Laramie County, Wyoming",-1,4.98,,,,
56025,"Natrona County, Wyoming",-1.83,2.45,,,,
